Date,PRE,RHU,RS,MINTEM,MAXTEM,WIN
1957-1,1.7000000000000002,,175.50000000000003,-32.009677419354844,-21.216129032258067,1.6096774193548387
1957-2,5.699999999999999,0.6139285714285715,193.9,-31.47142857142857,-20.889285714285712,1.6500000000000001
1957-3,2.8000000000000003,0.5703225806451613,305.40000000000003,-23.083870967741937,-10.258064516129032,2.193548387096774
1957-4,19.7,0.5373333333333333,241.5,-4.8966666666666665,7.273333333333334,4.07
1957-5,22.7,0.49354838709677423,278.29999999999995,1.9322580645161291,17.138709677419357,4.138709677419355
1957-6,38.7,0.666,231.10000000000002,7.966666666666667,22.586666666666666,2.8633333333333337
1957-7,144.60000000000002,0.797741935483871,144.9,10.72258064516129,22.03548387096774,3.0161290322580645
1957-8,115.5,0.8061290322580645,179.29999999999998,9.864516129032259,19.274193548387096,3.609677419354839
1957-9,21.1,0.685,206.9,0.47666666666666674,13.116666666666667,2.36
1957-10,8.700000000000001,0.5493548387096775,230.8,-7.519354838709678,7.122580645161291,2.906451612903226
1957-11,4.5,0.629,169.39999999999998,-16.51,-4.343333333333334,2.683333333333333
1957-12,5.3,0.7935483870967742,152.4,-27.70967741935484,-17.306451612903224,1.238709677419355
1958-1,3.0,0.7429032258064516,189.29999999999998,-30.096774193548388,-19.967741935483872,1.5258064516129033
1958-2,5.0,0.7653571428571428,213.79999999999998,-26.264285714285712,-13.735714285714286,1.0035714285714286
1958-3,6.400000000000001,0.6303225806451612,265.20000000000005,-19.48709677419355,-7.851612903225806,2.9967741935483874
1958-4,29.700000000000003,0.5683333333333334,266.09999999999997,-8.276666666666667,3.23,5.086666666666668
1958-5,14.299999999999999,0.5093548387096775,340.0,1.464516129032258,16.851612903225806,4.490322580645161
1958-6,96.1,0.6739999999999999,296.4,7.78,22.660000000000004,3.55
1958-7,193.10000000000002,0.7996774193548387,210.6,12.274193548387096,22.629032258064516,3.57741935483871
1958-8,49.300000000000004,0.7838709677419355,262.90000000000003,8.938709677419356,20.961290322580645,2.793548387096774
1958-9,59.2,0.7143333333333334,196.8,2.4733333333333336,14.866666666666667,3.2233333333333336
1958-10,10.700000000000001,0.6312903225806452,226.39999999999998,-6.525806451612904,6.303225806451613,2.335483870967742
1958-11,4.0,0.6679999999999999,209.00000000000003,-16.916666666666668,-5.3133333333333335,2.2766666666666664
1958-12,13.600000000000001,0.7748387096774193,142.39999999999998,-23.193548387096776,-13.141935483870968,1.941935483870968
1959-1,2.7,0.7519354838709679,175.8,-32.35806451612903,-22.483870967741936,1.2645161290322582
1959-2,2.0,0.7560714285714286,225.4,-25.84642857142857,-14.417857142857143,1.0178571428571428
1959-3,1.2000000000000002,0.6525806451612903,276.09999999999997,-14.235483870967743,-1.7000000000000002,2.245161290322581
1959-4,2.2,0.43966666666666665,265.80000000000007,-6.046666666666667,8.28,2.9833333333333334
1959-5,9.6,0.43516129032258066,295.7,0.6967741935483871,17.538709677419355,4.125806451612903
1959-6,27.3,0.6080000000000001,283.9,7.773333333333334,23.18,2.636666666666667
1959-7,104.8,0.7406451612903227,253.4,9.858064516129033,22.835483870967742,2.7548387096774194
1959-8,64.89999999999999,0.8290322580645161,193.20000000000005,11.600000000000001,22.03548387096774,2.5
1959-9,44.099999999999994,0.7946666666666666,200.4,5.71,17.259999999999998,2.2800000000000002
1959-10,49.3,0.7496774193548388,142.3,-4.809677419354839,4.596774193548387,3.0193548387096776
1959-11,27.400000000000006,0.798,195.8,-24.573333333333334,-15.373333333333335,1.8633333333333333
1959-12,2.8000000000000003,0.7861290322580645,152.90000000000003,-31.193548387096776,-21.65483870967742,1.1161290322580646
1960-1,3.2,0.7606451612903227,170.3,-38.325806451612905,-29.183870967741935,0.44516129032258067
1960-2,4.999999999999999,0.7641379310344828,181.4,-26.637931034482758,-16.675862068965518,1.717241379310345
1960-3,9.900000000000002,0.732258064516129,255.89999999999998,-20.448387096774194,-9.403225806451612,2.8483870967741938
1960-4,1.4000000000000001,0.643,282.79999999999995,-8.47,3.58,3.75
1960-5,41.0,0.6103225806451613,,-0.7645161290322581,12.893548387096773,4.103225806451613
1960-6,23.6,0.6706666666666667,341.59999999999997,7.743333333333334,23.073333333333334,2.8800000000000003
1960-7,156.09999999999997,0.8332258064516129,238.4,12.583870967741936,23.070967741935487,3.435483870967742
1960-8,44.10000000000001,0.8248387096774193,267.4,9.161290322580646,22.690322580645162,2.0806451612903225
1960-9,55.8,0.7756666666666666,222.8,2.4,16.383333333333333,2.546666666666667
1960-10,6.000000000000001,0.5854838709677419,233.80000000000004,-7.893548387096774,7.387096774193548,3.3483870967741938
1960-11,11.0,0.7326666666666667,167.60000000000002,-19.226666666666667,-7.923333333333334,1.8333333333333333
1960-12,2.7,0.7904166666666667,185.10000000000002,-29.893548387096775,-20.151612903225807,0.532258064516129
1961-1,6.3,0.7250000000000001,181.1,-32.70645161290322,-21.87,0.767741935483871
1961-2,1.1,0.6992857142857144,217.0,-26.814285714285717,-15.071428571428571,1.0178571428571428
1961-3,3.5000000000000004,0.6355172413793103,288.1,-17.480645161290322,-3.8677419354838714,2.1129032258064515
1961-4,8.0,0.49766666666666665,285.0,-6.569999999999999,7.913333333333333,3.6033333333333335
1961-5,16.7,0.48580645161290326,291.90000000000003,0.2419354838709678,15.429032258064517,4.019354838709678
1961-6,21.500000000000004,0.5836666666666667,330.99999999999994,5.0,21.966666666666665,3.75
1961-7,95.5,0.7212903225806452,279.49999999999994,10.97741935483871,24.651612903225807,2.7838709677419353
1961-8,160.1,0.8267741935483871,172.2,9.993548387096775,20.154838709677417,2.5548387096774197
1961-9,30.2,0.7296666666666667,235.20000000000002,2.746666666666667,16.880000000000003,2.4733333333333336
1961-10,10.8,0.5783870967741935,230.9,-8.048387096774194,6.151612903225806,3.835483870967742
1961-11,8.8,0.7236666666666667,165.8,-16.93,-4.586666666666667,2.136666666666667
1961-12,9.4,0.7945161290322581,139.10000000000002,-28.725806451612904,-18.503225806451614,1.5161290322580645
1962-1,2.0000000000000004,0.8435483870967742,181.60000000000002,-29.406451612903226,-19.261290322580646,0.49354838709677423
1962-2,0.5,0.76,216.1,-27.125,-15.135714285714286,0.925
1962-3,11.100000000000001,0.6970967741935483,257.80000000000007,-20.13225806451613,-8.403225806451612,2.912903225806452
1962-4,16.7,0.5630000000000001,252.0,-7.183333333333334,6.596666666666667,3.48
1962-5,34.099999999999994,0.5980645161290322,246.59999999999997,0.4032258064516128,14.98709677419355,3.4419354838709677
1962-6,13.999999999999998,0.6236666666666667,272.2,6.517241379310345,22.796666666666667,3.4
1962-7,133.7,0.802258064516129,217.69999999999996,11.993548387096775,23.66774193548387,3.338709677419355
1962-8,95.3,0.8341935483870968,178.4,9.180645161290323,21.13225806451613,2.0580645161290323
1962-9,61.300000000000004,0.769,163.59999999999997,2.626666666666667,14.9,2.8333333333333335
1962-10,4.6000000000000005,0.6041935483870968,236.3,-7.664516129032258,6.793548387096774,2.6225806451612903
1962-11,1.2999999999999998,0.666,197.60000000000002,-21.2,-9.093333333333334,1.74
1962-12,6.3999999999999995,0.7316129032258064,133.5,-25.1,-14.080645161290322,1.9096774193548387
1963-1,3.6,0.6751612903225807,185.69999999999996,-28.58709677419355,-18.809677419354838,1.196774193548387
1963-2,0.8,0.715,219.0,-25.607142857142858,-11.6,1.25
1963-3,0.30000000000000004,0.5770967741935484,276.9,-15.903225806451612,-0.8903225806451613,2.267741935483871
1963-4,19.0,0.5226666666666666,242.49999999999994,-6.033333333333333,6.3533333333333335,4.41
1963-5,11.8,0.4038709677419355,327.79999999999995,0.5064516129032259,16.687096774193545,4.419354838709677
1963-6,122.19999999999999,0.673,278.5,6.8566666666666665,21.64,3.5733333333333333
1963-7,107.39999999999999,0.7983870967741935,215.29999999999998,12.758064516129032,23.916129032258063,2.5193548387096776
1963-8,89.49999999999997,0.8283870967741935,260.49999999999994,10.525806451612903,22.606451612903225,2.064516129032258
1963-9,56.60000000000001,0.741,226.39999999999998,1.97,15.639999999999999,2.5733333333333333
1963-10,11.5,0.6564516129032258,198.9,-7.167741935483871,5.458064516129032,2.6225806451612907
1963-11,1.6,0.6836666666666668,193.70000000000005,-18.913333333333334,-7.78,1.9966666666666666
1963-12,3.3000000000000003,0.8241935483870968,144.6,-25.63225806451613,-15.832258064516129,0.5838709677419355
1964-1,1.7000000000000002,0.8296774193548386,197.8,-28.958064516129035,-18.25161290322581,0.5193548387096775
1964-2,0.0,0.766896551724138,229.50000000000003,-31.013793103448275,-18.54137931034483,0.6793103448275862
1964-3,10.700000000000001,0.6635483870967742,265.6,-18.919354838709676,-6.15483870967742,2.7580645161290325
1964-4,21.1,0.5376666666666666,220.2,-5.590000000000001,6.196666666666667,4.1866666666666665
1964-5,77.0,0.5519354838709677,289.4,2.52258064516129,17.809677419354838,4.132258064516129
1964-6,66.8,0.6990000000000001,285.70000000000005,8.19,21.683333333333334,2.796666666666667
1964-7,51.4,0.7274193548387097,326.20000000000005,9.419354838709678,23.95483870967742,1.6633333333333333
1964-8,87.2,0.7193548387096774,302.80000000000007,8.925806451612903,23.996774193548386,1.967741935483871
1964-9,25.9,0.693,210.79999999999995,0.47333333333333344,14.846666666666668,2.1566666666666667
1964-10,26.099999999999998,0.6109677419354839,210.40000000000003,-8.483870967741936,4.774193548387097,2.7516129032258063
1964-11,5.300000000000001,0.7080000000000001,171.80000000000004,-18.220000000000002,-6.636666666666667,1.5766666666666669
1964-12,3.1,0.7696774193548387,142.70000000000002,-30.477419354838712,-20.467741935483872,0.45483870967741935
1965-1,1.5999999999999999,0.753225806451613,180.90000000000003,-32.516129032258064,-22.280645161290323,0.6064516129032258
1965-2,2.2,0.7057142857142857,211.1,-30.485714285714288,-19.02857142857143,0.9535714285714285
1965-3,9.200000000000001,0.6593548387096775,260.99999999999994,-20.177419354838708,-7.496774193548387,2.129032258064516
1965-4,13.4,0.5056666666666667,272.90000000000003,-8.12,6.546666666666667,3.1333333333333333
1965-5,17.3,0.46387096774193554,285.40000000000003,0.24516129032258058,15.583870967741936,3.270967741935484
1965-6,39.6,0.5423333333333333,344.8,7.933333333333334,24.64666666666667,2.5566666666666666
1965-7,103.79999999999998,0.7774193548387097,226.30000000000004,10.912903225806453,22.216129032258067,2.2451612903225806
1965-8,51.60000000000001,0.7470967741935484,268.9,8.60967741935484,22.0741935483871,1.7741935483870968
1965-9,14.600000000000001,0.626,238.70000000000005,0.81,16.203333333333333,2.3666666666666667
1965-10,4.6,0.5432258064516129,248.29999999999998,-6.183870967741936,9.441935483870967,2.3161290322580643
1965-11,9.4,0.7,169.39999999999998,-23.526666666666664,-11.876666666666667,1.62
1965-12,3.8000000000000003,0.7380645161290322,136.60000000000002,-33.58064516129032,-23.40967741935484,0.7935483870967742
1966-1,5.2,0.7093548387096775,177.99999999999997,-33.55161290322581,-24.54193548387097,1.1129032258064515
1966-2,10.6,0.7060714285714286,171.60000000000002,-30.564285714285717,-19.539285714285715,2.0535714285714284
1966-3,3.7,0.7348387096774194,286.4,-24.996774193548386,-12.538709677419355,1.2451612903225806
1966-4,6.0,0.5956666666666667,266.40000000000003,-11.326666666666666,0.9133333333333334,3.7533333333333334
1966-5,31.0,0.4774193548387097,286.29999999999995,2.8129032258064517,18.312903225806455,4.090322580645162
1966-6,63.30000000000001,0.693,245.70000000000002,8.256666666666668,22.63,2.65
1966-7,76.10000000000001,0.7441935483870968,258.1,11.129032258064516,24.5,2.5290322580645164
1966-8,67.5,0.7393548387096774,224.6,10.07741935483871,23.345161290322583,2.916129032258065
1966-9,2.5,0.551,271.2,1.25,18.493333333333332,2.7533333333333334
1966-10,14.899999999999999,0.5729032258064517,186.10000000000002,-4.464516129032258,8.82258064516129,3.1064516129032262
1966-11,1.9000000000000001,0.7113333333333334,174.20000000000002,-22.08,-11.163333333333332,1.75
1966-12,1.7000000000000002,0.7758064516129033,167.40000000000003,-34.33870967741935,-24.712903225806453,0.35161290322580646
1967-1,2.2,0.7277419354838709,183.2,-30.68064516129032,-19.96451612903226,1.238709677419355
1967-2,4.800000000000001,0.7067857142857142,214.50000000000003,-28.021428571428572,-15.610714285714286,1.5250000000000001
1967-3,7.4,0.6632258064516129,261.79999999999995,-17.348387096774193,-4.635483870967741,2.3806451612903228
1967-4,8.9,0.49033333333333334,272.00000000000006,-4.903333333333333,10.206666666666667,3.796666666666667
1967-5,29.100000000000005,0.46838709677419355,294.40000000000003,4.183870967741936,19.80322580645161,4.174193548387097
1967-6,9.5,0.5233333333333333,303.59999999999997,7.8133333333333335,24.416666666666668,3.31
1967-7,129.3,0.6990322580645162,257.1,13.05483870967742,26.516129032258064,2.706451612903226
1967-8,98.79999999999998,0.77,250.89999999999998,9.070967741935483,21.15483870967742,3.0032258064516126
1967-9,69.7,0.6486666666666667,246.5,0.9733333333333333,15.24,3.046666666666667
1967-10,7.5,0.6438709677419355,229.39999999999995,-6.04516129032258,8.658064516129032,2.180645161290323
1967-11,6.5,0.7906666666666667,183.49999999999997,-23.540000000000003,-11.793333333333333,1.32
1967-12,4.7,0.7722580645161291,140.6,-28.54516129032258,-19.032258064516128,0.8903225806451613
1968-1,3.1,0.7709677419354839,177.2,-32.354838709677416,-22.393548387096775,0.838709677419355
1968-2,4.699999999999999,0.7417241379310345,197.00000000000003,-29.57931034482759,-17.372413793103448,1.1758620689655173
1968-3,1.5,0.6870967741935484,260.79999999999995,-17.122580645161293,-2.606451612903226,2.4225806451612906
1968-4,20.200000000000003,0.47733333333333333,236.10000000000002,-5.056666666666667,10.6,4.693333333333333
1968-5,21.6,0.4938709677419355,242.1,0.1903225806451613,17.516129032258064,4.116129032258065
1968-6,62.699999999999996,0.6679999999999999,223.59999999999997,5.9399999999999995,22.3,2.9066666666666667
1968-7,15.3,0.6409677419354839,330.50000000000006,11.167741935483871,27.674193548387095,2.5387096774193547
1968-8,48.900000000000006,0.6951612903225807,249.80000000000004,6.761290322580645,22.674193548387095,2.2290322580645165
1968-9,44.6,0.628,210.8,-1.0966666666666667,14.656666666666666,3.283333333333333
1968-10,4.1000000000000005,0.6029032258064516,246.0,-10.803225806451612,6.938709677419355,2.1548387096774193
1968-11,4.8999999999999995,0.7253333333333334,166.29999999999998,-21.75,-8.016666666666667,1.9433333333333336
1968-12,5.500000000000001,0.7664516129032258,149.0,-31.48709677419355,-20.312903225806455,1.5193548387096774
1969-1,1.6,0.7364516129032258,190.7,-36.667741935483875,-25.93548387096774,0.967741935483871
1969-2,1.9000000000000001,0.7257142857142858,216.2,-36.27857142857143,-23.432142857142857,0.9964285714285716
1969-3,8.400000000000002,0.6638709677419355,256.9,-20.683870967741935,-8.290322580645162,3.2225806451612904
1969-4,10.3,0.4986666666666667,262.8,-5.323333333333333,6.8966666666666665,5.213333333333334
1969-5,27.9,0.4964516129032258,286.6,-0.21935483870967745,14.512903225806452,5.625806451612903
1969-6,19.200000000000003,0.45766666666666667,324.40000000000003,6.289655172413793,23.62,4.2
1969-7,74.80000000000001,0.6761290322580645,274.8,12.28709677419355,25.883870967741935,3.838709677419355
1969-8,153.1,0.807741935483871,168.3,11.293548387096775,21.174193548387095,3.5258064516129033
1969-9,26.1,0.6873333333333334,252.0,0.58,14.726666666666667,3.3366666666666664
1969-10,23.700000000000003,0.6332258064516129,203.79999999999998,-6.096774193548387,5.406451612903226,2.9838709677419355
1969-11,6.199999999999999,0.7756666666666666,197.6,-22.6,-12.1,1.7766666666666668
1969-12,2.5000000000000004,0.8570967741935483,152.8,-32.9741935483871,-23.470000000000002,0.8741935483870968
1970-1,1.8,0.8112903225806453,171.39999999999998,-35.0258064516129,-25.36451612903226,0.3064516129032258
1970-2,4.6,0.7903703703703704,216.10000000000002,-29.885185185185183,-19.333333333333332,1.2
1970-3,2.9000000000000004,0.7880645161290323,301.90000000000003,-25.241935483870968,-13.703225806451613,1.5580645161290323
1970-4,6.3,0.5690000000000001,288.3,-6.933333333333334,7.413333333333333,4.23
1970-5,9.700000000000001,0.4341935483870968,306.6000000000001,0.9774193548387098,16.970967741935485,4.919354838709677
1970-6,51.5,0.5516666666666666,341.40000000000003,9.003333333333334,27.05,3.9233333333333333
1970-7,73.7,0.78,220.9,12.774193548387096,25.01290322580645,3.232258064516129
1970-8,81.89999999999999,0.7509677419354839,265.3,9.100000000000001,23.51290322580645,3.0
1970-9,117.0,0.7586206896551724,151.6,3.1133333333333337,12.856666666666666,4.066666666666667
1970-10,4.8,0.6196666666666667,238.09999999999997,-8.113333333333333,5.930000000000001,3.5233333333333334
1970-11,3.0,0.7273333333333334,169.39999999999998,-17.560000000000002,-6.333333333333333,1.7966666666666666
1970-12,5.200000000000001,0.7967741935483871,171.20000000000005,-29.02258064516129,-18.480645161290322,1.3741935483870968
1971-1,4.4,0.7758064516129033,172.79999999999998,-30.735483870967744,-19.661290322580644,1.1225806451612905
1971-2,4.700000000000001,0.7964285714285715,175.89999999999998,-29.153571428571432,-17.964285714285715,1.6928571428571428
1971-3,10.6,0.734516129032258,230.6,-20.538709677419355,-9.170967741935485,2.6064516129032262
1971-4,14.799999999999999,0.6133333333333333,267.0,-6.62,4.993333333333334,4.42
1971-5,19.7,0.5325806451612903,259.7,1.5580645161290323,16.641935483870967,3.5419354838709682
1971-6,60.1,0.673,303.29999999999995,9.243333333333334,24.803333333333335,2.643333333333333
1971-7,65.10000000000001,0.7293548387096774,247.30000000000004,11.116129032258065,24.24516129032258,2.7838709677419353
1971-8,73.2,0.7732258064516129,271.8999999999999,8.848387096774195,22.406451612903226,2.132258064516129
1971-9,77.4,0.7453333333333333,194.79999999999998,3.25,16.926666666666666,2.646666666666667
1971-10,13.8,0.6658064516129032,236.8,-5.958064516129033,6.496774193548387,2.3096774193548386
1971-11,1.8,0.7983333333333333,162.60000000000002,-16.803333333333335,-5.7733333333333325,1.2533333333333334
1971-12,3.4000000000000004,0.8212903225806452,145.4,-26.383870967741935,-16.874193548387098,1.564516129032258
1972-1,1.9,0.8454838709677419,168.0,-31.419354838709676,-19.951612903225808,1.096774193548387
1972-2,3.9000000000000004,0.8010344827586207,197.00000000000006,-29.186206896551724,-16.713793103448275,1.193103448275862
1972-3,4.6000000000000005,0.6964516129032258,263.4,-16.225806451612904,-4.319354838709677,2.6967741935483875
1972-4,27.3,0.5663333333333334,251.4,-6.140000000000001,7.283333333333333,4.136666666666667
1972-5,3.8,0.4003225806451613,265.79999999999995,0.7870967741935485,17.33225806451613,4.919354838709677
1972-6,18.799999999999997,0.616,250.10000000000002,5.196666666666667,20.886666666666667,3.35
1972-7,113.0,0.7545161290322581,202.90000000000003,11.703225806451613,23.200000000000003,3.796774193548387
1972-8,99.0,0.7635483870967742,200.70000000000002,7.064516129032258,20.241935483870968,2.796774193548387
1972-9,19.499999999999996,0.7026666666666668,199.29999999999998,2.61,15.963333333333335,2.7933333333333334
1972-10,11.600000000000001,0.6816129032258064,144.89999999999998,-7.04516129032258,3.635483870967742,2.5064516129032257
1972-11,8.4,0.7803333333333333,132.2,-23.59,-11.203333333333335,1.5599999999999998
1972-12,8.6,0.7935483870967742,110.60000000000001,-30.093548387096778,-18.461290322580645,1.1838709677419357
1973-1,1.7000000000000002,0.7990322580645162,176.4,-31.738709677419354,-20.403225806451612,0.8096774193548387
1973-2,8.4,0.7575000000000001,184.79999999999998,-29.728571428571428,-17.650000000000002,0.8821428571428571
1973-3,3.5,0.7387096774193549,271.5,-21.8,-7.725806451612903,1.9387096774193548
1973-4,31.2,0.6253333333333334,200.0,-6.989999999999999,4.36,4.173333333333334
1973-5,21.799999999999997,0.5248387096774193,236.9,1.106451612903226,16.56451612903226,4.7774193548387105
1973-6,81.0,0.6566666666666666,309.1,8.546666666666665,24.273333333333333,3.1266666666666665
1973-7,143.29999999999998,0.7551612903225806,265.0,13.141935483870967,25.309677419354838,3.835483870967742
1973-8,92.7,0.8006451612903226,240.80000000000004,7.745161290322581,20.616129032258065,3.4193548387096775
1973-9,11.700000000000001,0.648,283.7,2.246666666666667,20.93,2.2233333333333336
1973-10,3.5000000000000004,0.5138709677419355,245.60000000000002,-8.832258064516129,6.503225806451613,3.064516129032258
1973-11,6.5,0.6913333333333334,147.50000000000003,-18.146666666666665,-6.413333333333333,2.7066666666666666
1973-12,3.3000000000000003,0.7629032258064516,149.1,-27.025806451612905,-17.1,1.1064516129032258
1974-1,1.8,0.7845161290322581,186.29999999999998,-30.66774193548387,-19.26451612903226,0.5774193548387097
1974-2,3.2,0.7139285714285715,178.5,-28.59642857142857,-16.089285714285715,2.0714285714285716
1974-3,4.8999999999999995,0.66,264.3,-19.27741935483871,-5.467741935483871,1.8870967741935485
1974-4,7.8,0.5263333333333333,247.3,-7.533333333333333,6.83,4.069999999999999
1974-5,41.6,0.5448387096774193,260.8,-0.11290322580645164,15.564516129032258,4.790322580645161
1974-6,57.900000000000006,0.646,261.2,7.433333333333334,22.443333333333335,3.3533333333333335
1974-7,120.6,0.7941935483870968,214.3,14.519354838709678,26.241935483870968,2.5193548387096776
1974-8,34.7,0.765483870967742,279.0,8.787096774193548,24.161290322580644,1.964516129032258
1974-9,44.699999999999996,0.759,178.9,3.3400000000000003,16.986666666666668,2.4200000000000004
1974-10,11.700000000000001,0.5829032258064516,201.39999999999998,-9.30967741935484,5.1,3.7903225806451615
1974-11,4.5,0.7550000000000001,144.7,-21.93,-10.063333333333333,2.0033333333333334
1974-12,2.2,0.8235483870967742,125.00000000000001,-30.822580645161292,-20.46451612903226,1.2838709677419355
1975-1,1.6,0.8403225806451613,171.3,-29.606451612903225,-19.112903225806452,0.964516129032258
1975-2,3.0000000000000004,0.8067857142857143,192.60000000000002,-29.421428571428574,-16.182142857142857,1.0035714285714286
1975-3,0.2,0.6506451612903227,268.80000000000007,-17.77741935483871,-1.9451612903225808,2.5
1975-4,8.8,0.5586666666666668,217.39999999999998,-4.166666666666667,10.74,3.4933333333333336
1975-5,13.200000000000001,0.4996774193548387,273.7,2.1258064516129034,19.46129032258065,4.748387096774194
1975-6,21.9,0.6616666666666667,290.2,8.623333333333333,24.453333333333333,3.1933333333333334
1975-7,98.7,0.7803225806451614,261.7,11.496774193548386,24.048387096774192,2.9838709677419355
1975-8,13.600000000000001,0.6532258064516129,308.0999999999999,9.154838709677419,25.338709677419356,3.0806451612903225
1975-9,41.3,0.657,232.79999999999998,1.86,17.276666666666664,3.3400000000000003
1975-10,20.000000000000004,0.6545161290322581,212.29999999999998,-7.2774193548387105,6.445161290322581,2.6193548387096777
1975-11,6.6000000000000005,0.7846666666666666,134.0,-16.856666666666666,-5.503333333333334,2.01
1975-12,1.6,0.7387096774193549,161.30000000000004,-28.4741935483871,-18.65806451612903,1.2129032258064516
1976-1,3.4000000000000004,0.7393548387096774,166.89999999999998,-28.096774193548388,-18.719354838709677,1.364516129032258
1976-2,1.5,0.7186206896551725,217.20000000000002,-27.36551724137931,-14.89655172413793,1.7758620689655173
1976-3,5.300000000000001,0.6616129032258065,292.1,-20.89032258064516,-6.870967741935484,1.6580645161290322
1976-4,37.2,0.5896666666666667,260.9,-7.22,6.37,3.686666666666667
1976-5,55.5,0.4732258064516129,274.59999999999997,1.0161290322580645,16.18064516129032,4.835483870967742
1976-6,39.60000000000001,0.613448275862069,259.59999999999997,5.153333333333333,20.69333333333333,2.927586206896552
1976-7,103.2,0.7616129032258064,288.2,11.33548387096774,25.874193548387098,2.1580645161290324
1976-8,151.1,0.802,248.8,7.048387096774194,19.95483870967742,2.0733333333333333
1976-9,18.4,0.675,214.20000000000002,2.5833333333333335,18.220000000000002,1.9800000000000002
1976-10,1.5999999999999999,0.5987096774193549,201.40000000000003,-9.703225806451613,6.17741935483871,2.1516129032258067
1976-11,1.4000000000000001,0.7776666666666667,188.89999999999998,-22.243333333333336,-9.556666666666667,0.9133333333333334
1976-12,3.1,0.8746666666666666,94.69999999999999,-32.92903225806452,-21.72258064516129,0.22000000000000003
1977-1,2.6,0.6558064516129033,81.70000000000002,-40.69677419354839,-25.26451612903226,0.7935483870967742
1977-2,1.4,0.6785714285714286,114.60000000000001,-35.575,-17.72142857142857,1.0392857142857144
1977-3,3.3000000000000003,0.6843333333333333,169.20000000000002,-21.741935483870968,-4.509677419354839,2.3586206896551727
1977-4,13.2,0.621,179.00000000000003,-7.463333333333334,7.78,3.033333333333333
1977-5,54.2,0.5522222222222223,244.79999999999998,0.2000000000000001,18.283870967741933,3.466666666666667
1977-6,116.10000000000001,0.7132142857142857,194.6,9.1,22.453333333333333,2.45
1977-7,213.3,0.8106451612903226,171.70000000000002,12.274193548387096,24.4,1.6857142857142857
1977-8,26.900000000000002,0.7712903225806451,301.4,8.864516129032259,23.55483870967742,
1977-9,13.9,0.6649999999999999,216.59999999999997,-0.30333333333333334,18.05,2.409090909090909
1977-10,1.2,0.5725806451612904,200.8,-8.648387096774194,8.929032258064517,2.52258064516129
1977-11,2.6000000000000005,0.7566666666666666,159.9,-20.490000000000002,-5.443333333333333,1.8066666666666669
1977-12,7.000000000000001,0.8025806451612904,132.6,-32.71290322580645,-18.56451612903226,0.4870967741935484
1978-1,1.3000000000000003,0.7619354838709678,162.49999999999997,-37.038709677419355,-21.687096774193552,0.5774193548387097
1978-2,1.7,0.7117857142857142,202.2,-33.614285714285714,-15.960714285714287,1.6428571428571428
1978-3,4.5,0.6951612903225807,264.3,-23.703225806451616,-5.496774193548387,2.2548387096774194
1978-4,12.500000000000002,0.5376666666666666,265.90000000000003,-7.203333333333333,9.413333333333332,3.6133333333333337
1978-5,38.0,0.4625806451612903,228.29999999999998,-0.6774193548387096,16.687096774193545,4.648387096774194
1978-6,60.599999999999994,0.7056666666666668,180.8,8.517241379310345,23.373333333333335,3.436666666666667
1978-7,105.19999999999999,0.782258064516129,241.7,8.76774193548387,23.43548387096774,2.6451612903225805
1978-8,29.800000000000004,0.7625806451612903,281.90000000000003,8.080645161290322,23.238709677419354,2.2161290322580647
1978-9,54.900000000000006,0.6793333333333333,208.0,0.9966666666666667,17.226666666666667,2.87
1978-10,16.8,0.645483870967742,176.39999999999998,-9.493548387096775,5.732258064516129,3.074193548387097
1978-11,1.9000000000000001,0.775,129.8,-19.173333333333336,-3.4633333333333334,1.5066666666666668
1978-12,4.500000000000001,0.8222580645161292,117.5,-31.977419354838712,-18.09032258064516,0.9161290322580645
1979-1,6.2,0.7696774193548387,122.30000000000001,-35.145161290322584,-21.425806451612903,1.3870967741935485
1979-2,6.1000000000000005,0.7760714285714286,152.5,-30.75,-15.775,1.635714285714286
1979-3,2.5000000000000004,0.7864516129032257,190.30000000000004,-24.016129032258064,-6.693548387096774,1.4806451612903226
1979-4,33.10000000000001,0.657,210.60000000000002,-7.956666666666667,5.9,2.936666666666667
1979-5,0.4,0.41096774193548385,238.20000000000002,1.4419354838709677,20.683870967741935,3.7548387096774194
1979-6,33.800000000000004,0.5873333333333334,263.6,7.263333333333334,25.506666666666668,2.31
1979-7,96.30000000000001,0.6348387096774194,183.79999999999998,11.561290322580644,27.4,2.429032258064516
1979-8,137.1,0.7435483870967742,196.90000000000003,8.687096774193549,21.664516129032258,2.851612903225807
1979-9,26.000000000000004,0.7256666666666667,175.60000000000002,0.88,15.803333333333335,1.97
1979-10,12.1,0.5954838709677419,209.69999999999996,-9.51290322580645,8.04516129032258,2.0516129032258066
1979-11,12.4,0.7196666666666667,117.4,-27.243333333333332,-13.91,1.63
1979-12,3.0000000000000004,0.7535483870967742,101.30000000000001,-31.270967741935483,-20.383870967741935,1.164516129032258
1980-1,2.4000000000000004,0.7151612903225807,157.9,-36.774193548387096,-25.116129032258065,1.5612903225806454
1980-2,1.3,0.6948275862068966,212.0,-32.62413793103448,-18.648275862068967,1.5724137931034483
1980-3,4.1000000000000005,0.6912903225806452,272.29999999999995,-23.76451612903226,-8.55483870967742,2.4322580645161294
1980-4,8.9,0.5890000000000001,274.29999999999995,-9.306666666666667,3.603333333333333,3.586666666666667
1980-5,13.5,0.42677419354838714,305.9,-0.532258064516129,16.53548387096774,4.151612903225807
1980-6,22.1,0.5906666666666667,320.90000000000003,8.083333333333334,26.07,2.5733333333333333
1980-7,49.1,0.7312903225806452,277.09999999999997,13.551612903225807,26.380645161290325,2.4387096774193546
1980-8,113.50000000000001,0.7896774193548387,226.6,11.73225806451613,24.65806451612903,1.6935483870967742
1980-9,46.8,0.761,203.70000000000002,1.97,15.346666666666668,2.3233333333333333
1980-10,9.799999999999999,0.6435483870967742,215.60000000000002,-9.851612903225806,5.187096774193549,2.0483870967741935
1980-11,5.8999999999999995,0.773,158.39999999999998,-20.643333333333334,-5.433333333333334,1.2466666666666666
1980-12,7.3999999999999995,0.7961290322580645,123.19999999999999,-33.512903225806454,-21.90967741935484,1.1516129032258065
1981-1,0.7999999999999999,0.7761290322580646,186.2,-35.903225806451616,-23.358064516129033,0.8548387096774194
1981-2,4.5,0.7846428571428572,203.30000000000004,-33.72857142857143,-18.817857142857143,1.1178571428571429
1981-3,1.7000000000000002,0.7354838709677419,261.4,-21.89032258064516,-4.764516129032257,1.8903225806451613
1981-4,0.8,0.46,280.6,-4.756666666666666,13.95,3.4433333333333334
1981-5,24.099999999999998,0.5219354838709678,217.30000000000004,1.4258064516129034,17.106451612903225,3.5064516129032257
1981-6,18.3,0.62,276.5,6.1033333333333335,22.993333333333336,2.83
1981-7,70.10000000000001,0.6916129032258065,246.09999999999997,13.203225806451613,27.51290322580645,2.9967741935483874
1981-8,144.79999999999998,0.7903225806451613,202.8,8.66451612903226,20.532258064516128,2.629032258064516
1981-9,2.7,0.5916666666666667,231.9,0.7066666666666667,17.19333333333333,2.6233333333333335
1981-10,22.1,0.6467741935483872,192.1,-8.370967741935484,4.929032258064517,2.532258064516129
1981-11,9.200000000000001,0.738,177.79999999999998,-26.85,-12.423333333333334,1.3099999999999998
1981-12,3.7,0.7574193548387097,143.8,-31.64516129032258,-18.006451612903227,0.7967741935483871
1982-1,3.2,0.702258064516129,182.29999999999998,-33.9225806451613,-20.706451612903226,1.9967741935483871
1982-2,1.3,0.7132142857142857,223.2,-30.421428571428574,-13.85,1.4749999999999999
1982-3,8.1,0.6932258064516129,266.9,-22.86774193548387,-6.383870967741935,2.5290322580645164
1982-4,5.2,0.492,252.79999999999995,-4.08,11.38,3.6300000000000003
1982-5,17.2,0.46838709677419355,287.2,-0.0483870967741936,17.154838709677417,3.667741935483871
1982-6,56.3,0.5683333333333334,289.2,8.78,25.67,3.036666666666667
1982-7,116.50000000000001,0.7519354838709679,160.6,13.119354838709677,25.51290322580645,2.806451612903226
1982-8,140.0,0.7712903225806451,195.00000000000003,12.44516129032258,23.73548387096774,2.8
1982-9,64.2,0.7193333333333334,165.50000000000003,1.8,15.453333333333335,2.8266666666666667
1982-10,9.4,0.5990322580645161,172.29999999999998,-7.0,5.874193548387097,2.874193548387097
1982-11,7.1,0.7636666666666667,141.29999999999998,-19.44333333333333,-7.140000000000001,1.7666666666666666
1982-12,6.3999999999999995,0.8074193548387097,108.9,-29.738709677419354,-17.9741935483871,1.067741935483871
1983-1,4.5,0.7929032258064517,146.2,-31.24516129032258,-19.912903225806453,1.235483870967742
1983-2,0.6,0.7735714285714286,213.1,-34.55357142857143,-19.835714285714285,0.7535714285714287
1983-3,1.0,0.6719354838709678,276.09999999999997,-16.996774193548386,-1.7548387096774194,2.583870967741935
1983-4,8.200000000000001,0.526,208.79999999999998,-5.426666666666667,6.026666666666667,5.0600000000000005
1983-5,24.200000000000003,0.4583870967741936,283.9,0.4709677419354838,18.116129032258065,3.7838709677419358
1983-6,62.199999999999996,0.667,237.19999999999996,6.09,19.66,3.0133333333333336
1983-7,142.1,0.8112903225806453,132.29999999999998,11.996774193548386,22.287096774193547,2.4838709677419355
1983-8,48.2,0.7725806451612903,165.7,10.238709677419354,23.258064516129032,2.3580645161290326
1983-9,41.70000000000001,0.78,98.4,4.4,15.65,2.7633333333333336
1983-10,16.599999999999998,0.6254838709677419,233.70000000000002,-7.887096774193548,7.070967741935483,2.835483870967742
1983-11,4.800000000000001,0.679,161.19999999999996,-16.62,-2.886666666666667,2.6566666666666667
1983-12,2.4,0.7845161290322581,132.90000000000003,-28.46129032258065,-16.570967741935487,1.0225806451612904
1984-1,6.5,0.7687096774193549,141.90000000000003,-34.25806451612903,-22.838709677419356,0.6838709677419355
1984-2,3.8000000000000003,0.7306896551724138,215.1,-32.834482758620695,-17.20689655172414,1.7965517241379312
1984-3,4.0,0.7545161290322581,266.8,-23.551612903225806,-7.95483870967742,2.0903225806451613
1984-4,10.1,0.5820000000000001,238.8,-6.793333333333334,8.163333333333334,3.8066666666666666
1984-5,35.400000000000006,0.5438709677419354,237.0,3.796774193548387,19.990322580645163,3.396774193548387
1984-6,95.10000000000001,0.6846666666666666,177.20000000000002,8.203333333333333,23.21333333333333,2.69
1984-7,123.5,0.7777419354838709,190.8,12.59032258064516,24.09032258064516,2.341935483870968
1984-8,192.30000000000004,0.8038709677419356,182.30000000000004,11.116129032258065,21.041935483870965,2.7548387096774194
1984-9,43.300000000000004,0.7403333333333334,187.9,3.146666666666667,16.05,2.23
1984-10,21.000000000000004,0.6670967741935484,153.1,-6.274193548387097,5.532258064516129,2.074193548387097
1984-11,4.0,0.7083333333333334,168.20000000000002,-19.903333333333332,-7.0,1.3333333333333333
1984-12,0.4,0.7351612903225806,164.4,-29.31935483870968,-17.648387096774194,0.6967741935483871
1985-1,6.3,0.7116129032258065,167.90000000000003,-34.65161290322581,-22.5,0.5645161290322581
1985-2,4.200000000000001,0.7192857142857143,199.1,-32.885714285714286,-17.53214285714286,0.9500000000000001
1985-3,6.799999999999999,0.6287096774193549,254.5,-20.312903225806455,-4.758064516129032,3.3451612903225807
1985-4,5.300000000000001,0.5113333333333333,230.40000000000003,-4.453333333333333,9.436666666666667,3.5966666666666667
1985-5,4.8999999999999995,0.4229032258064516,314.29999999999995,0.535483870967742,18.670967741935485,3.967741935483871
1985-6,88.3,0.6776666666666668,176.79999999999998,9.673333333333334,23.59,2.356666666666667
1985-7,61.0,0.720967741935484,145.1,11.612903225806452,25.75161290322581,1.5096774193548386
1985-8,159.2,0.8187096774193549,128.29999999999998,11.761290322580646,21.31612903225807,2.2483870967741937
1985-9,29.400000000000002,0.7283333333333334,192.50000000000003,1.98,14.21,1.87
1985-10,13.7,0.6593548387096775,206.10000000000002,-5.741935483870968,7.72258064516129,2.0258064516129033
1985-11,3.1,0.7386666666666667,200.6,-19.646666666666665,-6.6033333333333335,1.7600000000000002
1985-12,8.6,0.7996774193548387,137.9,-30.722580645161294,-19.241935483870968,1.0193548387096774
1986-1,1.9000000000000001,0.7783870967741936,187.6,-32.37096774193548,-18.490322580645163,1.2935483870967743
1986-2,2.3000000000000003,0.7478571428571429,220.3,-28.45,-11.828571428571427,1.1607142857142858
1986-3,1.9000000000000001,0.6625806451612903,248.0,-16.751612903225805,-0.3419354838709678,2.267741935483871
1986-4,5.800000000000001,0.5033333333333333,240.9,-7.45,7.006666666666667,3.453333333333333
1986-5,4.1,0.44999999999999996,286.59999999999997,0.3225806451612903,18.029032258064515,2.532258064516129
1986-6,81.9,0.5903333333333334,274.29999999999995,10.396666666666667,26.360000000000003,2.3
1986-7,77.10000000000001,0.7819354838709678,178.8,12.580645161290322,23.919354838709676,1.9903225806451614
1986-8,32.2,0.7512903225806451,216.5,8.790322580645162,22.89032258064516,1.9
1986-9,4.5,0.616,239.3,0.7366666666666667,19.366666666666667,1.5799999999999998
1986-10,1.1000000000000003,0.5835483870967741,221.8,-10.100000000000001,7.306451612903226,1.5419354838709676
1986-11,6.0,0.7163333333333334,139.79999999999998,-22.576666666666668,-7.973333333333334,1.3299999999999998
1986-12,2.4000000000000004,0.7135483870967743,135.70000000000005,-28.84193548387097,-16.561290322580643,0.7129032258064517
1987-1,5.6000000000000005,0.6770967741935484,155.7,-34.4225806451613,-20.31935483870968,0.7967741935483871
1987-2,7.8999999999999995,0.6553571428571429,203.20000000000002,-31.5,-13.74642857142857,1.1607142857142858
1987-3,2.6,0.5732258064516129,276.7000000000001,-23.212903225806453,-6.603225806451612,2.045161290322581
1987-4,5.800000000000001,0.41466666666666663,252.39999999999998,-8.033333333333333,9.056666666666667,2.7333333333333334
1987-5,8.899999999999999,0.40580645161290324,246.30000000000004,-1.435483870967742,15.935483870967742,2.5483870967741935
1987-6,42.2,0.5196666666666666,272.2,7.613333333333333,24.526666666666667,2.3033333333333337
1987-7,65.8,0.6383870967741935,289.69999999999993,10.59032258064516,25.458064516129035,1.9483870967741934
1987-8,89.10000000000001,0.7893548387096774,235.79999999999998,11.03225806451613,23.15806451612903,1.3451612903225807
1987-9,55.8,0.6836666666666668,216.49999999999997,2.05,15.97,2.2633333333333336
1987-10,15.299999999999999,0.6038709677419355,207.60000000000005,-6.732258064516128,6.770967741935484,2.2419354838709675
1987-11,8.8,0.722,175.39999999999998,-23.886666666666667,-11.526666666666667,1.3233333333333335
1987-12,16.200000000000003,0.7829032258064516,137.5,-29.061290322580643,-17.67096774193548,0.8870967741935484
1988-1,6.6,0.77,172.49999999999997,-33.461290322580645,-21.822580645161292,0.8870967741935484
1988-2,2.3000000000000003,0.7475862068965518,222.00000000000003,-32.675862068965515,-19.955172413793104,1.0862068965517242
1988-3,1.6,0.7290322580645162,289.50000000000006,-23.35483870967742,-9.074193548387097,1.4225806451612903
1988-4,6.200000000000001,0.5883333333333333,264.8,-5.013333333333334,9.91,2.786666666666667
1988-5,37.7,0.4793548387096774,288.99999999999994,1.3322580645161293,16.44516129032258,2.835483870967742
1988-6,98.9,0.69,210.70000000000002,10.463333333333335,23.96333333333333,2.3133333333333335
1988-7,128.70000000000002,0.7600000000000001,230.69999999999996,13.796774193548387,24.787096774193547,2.245161290322581
1988-8,162.9,0.7896774193548387,249.69999999999996,12.009677419354839,24.39032258064516,1.332258064516129
1988-9,19.800000000000004,0.7276666666666667,234.89999999999998,3.73,18.033333333333335,1.5566666666666669
1988-10,2.0,0.6196774193548388,231.9,-6.303225806451613,9.429032258064517,1.6161290322580646
1988-11,10.8,0.6890000000000001,164.29999999999998,-16.276666666666667,-4.3966666666666665,2.186666666666667
1988-12,6.300000000000001,0.7435483870967742,126.5,-29.332258064516132,-18.635483870967743,0.5935483870967743
1989-1,4.6,0.7535483870967742,151.9,-30.41290322580645,-19.206451612903226,0.7193548387096774
1989-2,0.2,0.7414285714285714,220.2,-28.76071428571429,-13.278571428571428,0.5678571428571428
1989-3,4.2,0.6887096774193548,251.5,-17.08709677419355,-2.7548387096774194,2.270967741935484
1989-4,26.300000000000004,0.5526666666666668,257.2,-3.836666666666667,11.129999999999999,2.8433333333333333
1989-5,5.6000000000000005,0.4619354838709678,324.7,2.2903225806451615,18.822580645161292,2.9096774193548387
1989-6,176.20000000000002,0.7416666666666667,226.90000000000003,9.343333333333334,20.71333333333333,2.493333333333333
1989-7,144.79999999999998,0.8012903225806451,230.79999999999998,12.53225806451613,23.541935483870965,1.5548387096774194
1989-8,42.5,0.7809677419354839,216.8,10.396774193548387,23.387096774193548,1.4806451612903226
1989-9,13.3,0.6553333333333333,255.79999999999998,2.0100000000000002,16.516666666666666,1.8333333333333333
1989-10,9.6,0.6296774193548387,212.60000000000002,-6.145161290322581,8.5,1.7806451612903227
1989-11,4.2,0.7246666666666667,180.6,-18.353333333333335,-5.576666666666667,1.2333333333333334
1989-12,10.2,0.7493548387096775,157.69999999999996,-27.596774193548388,-17.18064516129032,0.9129032258064517
1990-1,3.5000000000000004,0.7364516129032259,175.6,-36.4741935483871,-23.95483870967742,0.5838709677419355
1990-2,9.000000000000002,0.755357142857143,161.3,-26.20357142857143,-12.007142857142856,1.0321428571428573
1990-3,0.4,0.6361290322580645,283.90000000000003,-12.2,3.9935483870967743,1.7193548387096773
1990-4,7.300000000000001,0.454,248.60000000000002,-4.576666666666667,9.343333333333334,2.853333333333333
1990-5,18.0,0.44161290322580643,284.40000000000003,4.119354838709677,20.33225806451613,2.851612903225807
1990-6,83.5,0.7366666666666667,172.3,9.976666666666667,21.413333333333334,2.4833333333333334
1990-7,119.9,0.7396774193548387,255.60000000000002,14.02258064516129,25.593548387096774,2.4548387096774196
1990-8,171.4,0.8251612903225807,240.3,11.77741935483871,22.374193548387098,2.0483870967741935
1990-9,44.60000000000001,0.728,216.20000000000002,2.7666666666666666,14.833333333333334,2.3433333333333333
1990-10,12.600000000000001,0.6332258064516129,238.5,-3.8774193548387097,11.293548387096775,1.770967741935484
1990-11,3.2,0.7213333333333334,170.40000000000003,-16.063333333333336,-4.593333333333334,1.896666666666667
1990-12,8.5,0.720967741935484,164.60000000000002,-25.603225806451615,-14.580645161290322,1.467741935483871
1991-1,4.6,0.742258064516129,183.09999999999997,-31.874193548387098,-20.6,0.5612903225806452
1991-2,2.2,0.705,208.8,-28.942857142857143,-14.617857142857144,1.475
1991-3,3.2,0.6035483870967743,283.1,-19.932258064516127,-4.493548387096775,2.4096774193548387
1991-4,10.7,0.5006666666666667,269.4,-4.290000000000001,9.76,3.1633333333333336
1991-5,8.1,0.4348387096774194,319.4,2.690322580645161,18.916129032258063,3.0806451612903225
1991-6,72.30000000000001,0.6526666666666667,269.3,9.05,24.073333333333334,1.9033333333333333
1991-7,142.7,0.7893548387096774,240.00000000000003,12.80967741935484,23.687096774193552,2.0548387096774197
1991-8,82.8,0.7687096774193549,265.3,12.325806451612904,25.18064516129032,1.5935483870967742
1991-9,93.60000000000001,0.7596666666666666,207.40000000000003,2.82,15.376666666666667,1.9466666666666668
1991-10,10.5,0.6558064516129033,206.60000000000005,-5.412903225806452,7.067741935483871,2.129032258064516
1991-11,4.800000000000001,0.7106666666666667,155.7,-17.596666666666668,-6.21,2.24
1991-12,7.1,0.7738709677419355,135.80000000000004,-31.0,-20.796774193548387,0.7419354838709677
1992-1,4.8,0.7867741935483871,153.70000000000002,-30.345161290322583,-18.451612903225808,0.5419354838709678
1992-2,3.9000000000000004,0.7306896551724138,203.9,-27.448275862068964,-12.582758620689656,1.5586206896551724
1992-3,3.1,0.6248387096774194,279.2,-18.961290322580645,-1.6483870967741936,1.770967741935484
1992-4,14.700000000000001,0.5383333333333333,246.39999999999998,-3.686666666666667,8.586666666666668,3.0966666666666667
1992-5,7.2,0.4174193548387097,333.00000000000006,3.293548387096774,21.070967741935487,2.3225806451612905
1992-6,39.1,0.6373333333333334,260.6,9.103333333333333,23.176666666666666,2.396666666666667
1992-7,32.6,0.6116129032258065,304.00000000000006,10.625806451612902,26.93548387096774,1.6903225806451612
1992-8,272.7,0.812258064516129,151.00000000000003,10.464516129032257,21.090322580645164,1.6741935483870967
1992-9,13.8,0.7113333333333334,195.5,1.3766666666666667,14.443333333333333,1.3666666666666667
1992-10,21.400000000000002,0.6258064516129032,224.7,-5.341935483870968,9.335483870967742,1.7774193548387098
1992-11,12.7,0.693,157.5,-18.776666666666667,-6.803333333333333,1.7866666666666666
1992-12,11.7,0.7893548387096775,118.7,-27.674193548387095,-18.164516129032258,0.767741935483871
1993-1,8.9,0.7680645161290324,135.4,-32.44193548387097,-22.18064516129032,0.5903225806451613
1993-2,3.6000000000000005,0.7196428571428573,182.3,-26.264285714285712,-12.289285714285715,1.1964285714285714
1993-3,0.4,0.6767741935483871,294.8,-15.793548387096775,-0.5741935483870967,1.464516129032258
1993-4,10.3,0.4796666666666667,268.40000000000003,-4.99,8.673333333333334,2.743333333333333
1993-5,14.400000000000002,0.46838709677419355,294.5,2.5290322580645164,18.193548387096776,3.212903225806452
1993-6,33.1,0.65,262.0,8.253333333333334,22.913333333333334,1.61
1993-7,138.00000000000003,0.7964516129032259,155.9,14.312903225806451,24.60967741935484,1.7193548387096775
1993-8,76.30000000000001,0.7790322580645161,149.6,10.738709677419354,22.622580645161293,1.3967741935483873
1993-9,58.7,0.737,159.0,4.42,18.146666666666665,1.8366666666666667
1993-10,6.199999999999999,0.5983870967741935,231.20000000000002,-5.280645161290322,7.945161290322581,2.161290322580645
1993-11,8.600000000000001,0.7306666666666667,169.69999999999996,-18.38,-6.223333333333334,1.4866666666666668
1993-12,7.299999999999999,0.77,132.1,-28.529032258064518,-17.896774193548385,0.30000000000000004
1994-1,3.0,0.7538709677419355,167.89999999999998,-33.29354838709677,-21.774193548387096,0.40967741935483876
1994-2,5.6000000000000005,0.7210714285714286,220.10000000000002,-26.803571428571427,-11.510714285714286,1.125
1994-3,8.2,0.7129032258064517,268.3,-20.07741935483871,-5.761290322580645,1.7645161290322582
1994-4,5.6,0.5399999999999999,240.79999999999998,-3.433333333333333,9.323333333333332,3.136666666666667
1994-5,33.1,0.46741935483870967,292.7,1.8806451612903226,17.293548387096774,2.738709677419355
1994-6,33.1,0.6236666666666667,295.59999999999997,11.953333333333335,25.783333333333335,1.61
1994-7,69.3,0.6761290322580645,284.6,13.648387096774194,27.60967741935484,1.7258064516129032
1994-8,49.20000000000001,0.7419354838709677,216.69999999999996,11.416129032258064,23.674193548387095,1.4516129032258065
1994-9,35.400000000000006,0.7206666666666667,167.9,4.510000000000001,17.779999999999998,1.6133333333333333
1994-10,28.1,0.7035483870967743,194.9,-4.267741935483872,8.24516129032258,1.6516129032258065
1994-11,1.3000000000000003,0.7106666666666667,160.59999999999997,-16.62666666666667,-4.263333333333334,1.4400000000000002
1994-12,1.0,0.7787096774193548,143.3,-27.13225806451613,-15.538709677419355,0.7838709677419355
1995-1,2.1,0.7364516129032259,189.20000000000002,-26.55483870967742,-13.483870967741936,1.535483870967742
1995-2,4.4,0.7417857142857143,202.10000000000002,-24.171428571428574,-7.635714285714286,0.6928571428571428
1995-3,4.1,0.6151612903225806,250.69999999999996,-16.712903225806453,-1.6419354838709679,1.9096774193548387
1995-4,21.700000000000003,0.5213333333333333,260.2,-6.433333333333334,7.86,3.1333333333333333
1995-5,14.100000000000001,0.4806451612903226,295.0,1.6741935483870967,15.403225806451612,2.8129032258064517
1995-6,52.7,0.6276666666666667,283.80000000000007,11.18,24.773333333333333,2.1033333333333335
1995-7,60.400000000000006,0.672258064516129,240.29999999999998,11.63225806451613,25.71935483870968,2.129032258064516
1995-8,51.300000000000004,0.725483870967742,263.5,9.464516129032258,23.774193548387096,1.6419354838709677
1995-9,46.1,0.6463333333333333,211.60000000000002,3.566666666666667,17.08,2.126666666666667
1995-10,9.8,0.622258064516129,202.10000000000002,-4.403225806451613,10.612903225806452,1.729032258064516
1995-11,13.8,0.676,181.29999999999998,-16.85,-4.16,1.5433333333333334
1995-12,5.300000000000001,0.7574193548387097,145.0,-27.919354838709676,-16.748387096774195,0.2064516129032258
1996-1,1.9000000000000004,0.7125806451612903,185.60000000000005,-33.31935483870968,-20.4,0.24193548387096775
1996-2,2.5,0.6948275862068966,224.60000000000002,-27.775862068965516,-12.724137931034482,1.0310344827586209
1996-3,8.8,0.6016129032258065,282.70000000000005,-18.46451612903226,-2.635483870967742,1.667741935483871
1996-4,8.500000000000002,0.5306666666666666,240.79999999999998,-5.12,8.646666666666667,2.6566666666666667
1996-5,23.1,0.47225806451612906,265.6,4.764516129032258,20.42258064516129,2.4096774193548387
1996-6,121.2,0.675,270.40000000000003,9.606666666666666,22.470000000000002,2.3033333333333337
1996-7,170.20000000000002,0.7567741935483872,225.9,14.570967741935483,25.74516129032258,1.7064516129032257
1996-8,93.7,0.727741935483871,271.2,10.451612903225806,23.712903225806453,1.7999999999999998
1996-9,6.5,0.5616666666666668,268.09999999999997,1.87,17.543333333333337,2.2666666666666666
1996-10,17.900000000000002,0.5993548387096774,209.60000000000002,-7.922580645161291,6.435483870967742,1.7548387096774194
1996-11,16.2,0.7713333333333333,143.20000000000002,-21.63,-9.9,0.95
1996-12,11.5,0.7722580645161291,110.0,-30.52258064516129,-20.451612903225808,0.5225806451612903
1997-1,7.199999999999999,0.7509677419354839,159.9,-33.18709677419355,-22.774193548387096,0.4064516129032258
1997-2,2.2,0.7460714285714286,203.70000000000005,-29.592857142857145,-16.235714285714288,0.47500000000000003
1997-3,5.7,0.6654838709677419,278.99999999999994,-18.348387096774196,-4.267741935483872,1.4903225806451614
1997-4,1.2000000000000002,0.44566666666666666,272.5,-2.7,12.4,2.386666666666667
1997-5,18.8,0.48451612903225805,217.20000000000002,3.9612903225806453,19.229032258064517,2.635483870967742
1997-6,54.0,0.5923333333333333,264.59999999999997,9.936666666666667,25.02,2.256666666666667
1997-7,93.3,0.6903225806451614,236.9,12.83548387096774,26.19677419354839,1.935483870967742
1997-8,127.60000000000001,0.7764516129032258,209.60000000000002,12.174193548387096,23.029032258064515,2.0935483870967744
1997-9,9.0,0.6273333333333333,259.3,1.4266666666666665,15.71,1.87
1997-10,24.5,0.6358064516129033,180.30000000000004,-8.116129032258065,3.6161290322580646,1.6161290322580646
1997-11,0.6,0.7236666666666667,183.40000000000003,-19.376666666666665,-7.680000000000001,0.8200000000000001
1997-12,3.6000000000000005,0.7645161290322581,151.9,-27.977419354838712,-18.458064516129035,0.2870967741935484
1998-1,2.2,0.76,167.70000000000002,-35.81290322580645,-25.412903225806453,0.25806451612903225
1998-2,3.2000000000000006,0.7571428571428571,182.7,-25.442857142857143,-12.153571428571428,0.36071428571428577
1998-3,3.0,0.647741935483871,298.6,-15.899999999999999,-1.9838709677419355,1.632258064516129
1998-4,7.0,0.446,271.0,-2.1866666666666665,14.426666666666668,2.48
1998-5,12.1,0.4019354838709678,296.2,3.635483870967742,19.65806451612903,3.1451612903225805
1998-6,72.80000000000001,0.6476666666666666,272.59999999999997,8.68,21.97666666666667,2.2733333333333334
1998-7,108.8,0.7938709677419354,178.9,15.838709677419354,25.45483870967742,1.8548387096774193
1998-8,111.70000000000002,0.7909677419354838,170.9,13.048387096774194,23.45483870967742,2.0935483870967744
1998-9,42.60000000000001,0.7140000000000001,246.19999999999996,4.866666666666666,18.486666666666668,1.8033333333333335
1998-10,69.2,0.697741935483871,178.10000000000002,-2.2548387096774194,8.058064516129033,1.9290322580645163
1998-11,5.199999999999999,0.7390000000000001,179.70000000000002,-19.936666666666667,-10.770000000000001,0.95
1998-12,9.2,0.7809677419354839,144.39999999999998,-27.412903225806453,-17.129032258064516,0.4774193548387097
1999-1,5.6000000000000005,0.7558064516129032,176.00000000000003,-28.51290322580645,-18.738709677419354,1.0838709677419356
1999-2,3.0,0.7314285714285714,212.5,-24.55,-11.214285714285714,1.0571428571428572
1999-3,1.3000000000000003,0.6958064516129032,299.1,-23.590322580645164,-9.064516129032258,1.3838709677419354
1999-4,7.2,0.5356666666666666,275.0,-4.963333333333334,9.316666666666666,2.356666666666667
1999-5,24.300000000000004,0.397741935483871,328.09999999999997,3.2548387096774194,19.1,2.596774193548387
1999-6,33.7,0.588,308.49999999999994,8.476666666666667,22.953333333333333,1.8633333333333333
1999-7,114.60000000000001,0.7235483870967742,243.50000000000003,14.77741935483871,27.203225806451616,1.5774193548387097
1999-8,75.5,0.7170967741935484,272.9,9.583870967741936,23.780645161290323,1.7806451612903227
1999-9,64.4,0.6920000000000001,214.7,3.27,15.696666666666667,1.8866666666666667
1999-10,22.400000000000002,0.6203225806451613,211.20000000000002,-6.870967741935484,5.090322580645162,2.2548387096774194
1999-11,8.700000000000001,0.78,160.60000000000005,-21.353333333333335,-9.6,0.7899999999999999
1999-12,8.9,0.7664516129032258,120.30000000000001,-30.68064516129032,-20.31935483870968,0.5806451612903226
2000-1,7.8,0.7403225806451613,157.79999999999998,-34.983870967741936,-24.903225806451612,0.7612903225806452
2000-2,2.3000000000000003,0.7317241379310344,218.70000000000002,-32.58275862068965,-18.234482758620693,0.8551724137931035
2000-3,14.8,0.687741935483871,264.0,-19.9741935483871,-5.719354838709678,1.632258064516129
2000-4,14.500000000000002,0.625,242.30000000000004,-4.19,8.216666666666667,2.1233333333333335
2000-5,4.2,0.4064516129032258,344.9,4.690322580645161,21.603225806451615,2.351612903225807
2000-6,67.80000000000001,0.5913333333333334,277.1,10.24,26.973333333333336,1.4600000000000002
2000-7,66.30000000000001,0.7016129032258065,291.20000000000005,13.33548387096774,26.31612903225807,1.7838709677419355
2000-8,29.5,0.6990322580645162,288.2,12.62258064516129,26.65483870967742,1.2741935483870968
2000-9,24.3,0.646,268.7,4.326666666666667,21.316666666666666,1.4066666666666667
2000-10,33.800000000000004,0.6490322580645161,185.20000000000002,-6.980645161290322,5.583870967741936,2.135483870967742
2000-11,2.8000000000000003,0.7493333333333333,169.29999999999998,-21.410000000000004,-10.086666666666668,1.2533333333333334
2000-12,6.8999999999999995,0.7690322580645161,156.5,-32.512903225806454,-22.36774193548387,0.635483870967742
2001-1,5.3999999999999995,0.7638709677419355,165.00000000000003,-36.00967741935484,-24.34193548387097,0.6290322580645161
2001-2,1.5000000000000002,0.7496428571428572,211.20000000000002,-33.167857142857144,-18.021428571428572,1.1071428571428572
2001-3,1.7000000000000002,0.6345161290322581,256.50000000000006,-18.11935483870968,-3.870967741935484,2.032258064516129
2001-4,27.0,0.5333333333333333,249.00000000000003,-3.5166666666666666,10.28,3.3233333333333333
2001-5,9.899999999999999,0.4880645161290323,269.7,2.829032258064516,19.66774193548387,2.4419354838709677
2001-6,14.7,0.49166666666666664,341.69999999999993,10.360000000000001,28.76,2.2366666666666664
2001-7,96.20000000000003,0.6900000000000001,268.9,14.587096774193547,27.980645161290322,1.7709677419354841
2001-8,28.099999999999998,0.6577419354838709,305.5,12.583870967741936,27.19677419354839,1.7774193548387098
2001-9,23.5,0.5676666666666667,247.69999999999996,3.6333333333333333,18.259999999999998,2.086666666666667
2001-10,13.9,0.6348387096774194,201.3,-5.396774193548388,7.883870967741935,1.9516129032258065
2001-11,3.3,0.7453333333333333,181.0,-18.09,-5.116666666666666,1.1366666666666667
2001-12,5.000000000000001,0.7880645161290323,133.39999999999998,-30.351612903225806,-20.04193548387097,0.767741935483871
2002-1,17.600000000000005,0.8161290322580645,136.4,-30.78709677419355,-19.129032258064516,0.7129032258064517
2002-2,0.8,0.7939285714285714,194.1,-26.742857142857144,-13.87857142857143,1.0214285714285716
2002-3,4.9,0.6941935483870968,252.8,-14.470967741935485,-0.535483870967742,1.5516129032258066
2002-4,15.000000000000002,0.525,241.9,-2.6166666666666667,9.856666666666667,2.9233333333333333
2002-5,13.000000000000002,0.48580645161290326,280.90000000000003,5.064516129032258,20.429032258064513,2.470967741935484
2002-6,19.8,0.5246666666666667,299.7,11.020000000000001,26.52,2.2633333333333336
2002-7,161.20000000000002,0.7261290322580646,265.6,15.370967741935484,27.148387096774194,1.6258064516129034
2002-8,41.7,0.6941935483870968,266.1,12.32258064516129,25.193548387096776,1.5806451612903225
2002-9,29.3,0.6033333333333334,247.5,2.886666666666667,19.860000000000003,1.51
2002-10,9.6,0.6403225806451613,198.8,-7.66774193548387,4.435483870967742,1.8354838709677421
2002-11,3.8000000000000003,0.7446666666666667,186.0,-20.966666666666665,-9.41,1.06
2002-12,6.0,0.7896774193548387,162.40000000000003,-32.038709677419355,-21.583870967741937,0.7129032258064517
2003-1,6.5,0.7964516129032259,157.9,-33.641935483870974,-21.612903225806452,0.4612903225806452
2003-2,4.0,0.8067857142857143,198.3,-27.739285714285717,-14.185714285714285,0.6142857142857142
2003-3,2.0,0.7106451612903226,265.6,-16.793548387096774,-2.435483870967742,1.5548387096774194
2003-4,9.100000000000001,0.44466666666666665,247.70000000000002,-3.97,11.853333333333333,2.58
2003-5,17.700000000000003,0.3722580645161291,164.2,0.9516129032258065,18.129032258064516,2.2516129032258063
2003-6,88.89999999999999,0.5656666666666667,224.9,9.67,23.59,1.9066666666666667
2003-7,82.19999999999999,0.7206451612903225,224.20000000000002,13.241935483870968,24.45483870967742,1.7225806451612902
2003-8,75.39999999999999,0.7535483870967742,250.40000000000003,10.319354838709677,21.65806451612903,1.7193548387096775
2003-9,29.8,0.6726666666666666,222.0,2.5900000000000003,16.236666666666668,1.3333333333333333
2003-10,26.200000000000003,0.6516129032258065,181.50000000000003,-3.567741935483871,6.974193548387097,2.048387096774194
2003-11,16.900000000000002,0.7713333333333333,127.10000000000001,-19.946666666666665,-10.3,1.4466666666666665
2003-12,4.7,0.7764516129032258,141.20000000000002,-28.883870967741935,-19.08709677419355,0.49354838709677423
2004-1,1.6,0.7635483870967742,174.3,-32.86451612903226,-22.24516129032258,0.47096774193548385
2004-2,6.9,0.7731034482758621,181.4,-27.00344827586207,-15.217241379310344,0.8551724137931035
2004-3,21.300000000000004,0.7354838709677419,260.1,-20.093548387096774,-7.009677419354839,1.729032258064516
2004-4,26.4,0.6063333333333334,216.0,-4.8066666666666675,6.316666666666666,2.183333333333333
2004-5,29.4,0.5329032258064516,246.29999999999998,2.7,15.464516129032257,2.8225806451612905
2004-6,6.4,0.47866666666666663,315.7,11.426666666666668,27.553333333333335,1.93
2004-7,85.5,0.6541935483870968,245.90000000000003,13.361290322580645,27.235483870967744,1.606451612903226
2004-8,51.7,0.6203225806451613,252.7,9.783870967741937,25.990322580645163,1.8096774193548388
2004-9,24.900000000000002,0.6866666666666668,155.4,5.03,18.166666666666668,1.82
2004-10,12.700000000000001,0.6009677419354839,195.70000000000002,-3.7193548387096778,9.97741935483871,1.7000000000000002
2004-11,2.5,0.7406666666666667,171.8,-17.09333333333333,-3.8800000000000003,1.2066666666666668
2004-12,9.1,0.8093548387096774,112.90000000000002,-30.664516129032258,-20.748387096774195,0.21935483870967745
2005-1,4.9,0.7154838709677419,148.2,-31.135483870967743,-21.038709677419355,1.0548387096774194
2005-2,3.0,0.6857142857142858,216.70000000000002,-32.621428571428574,-19.942857142857143,1.1892857142857145
2005-3,4.300000000000001,0.6258064516129032,253.19999999999993,-19.448387096774194,-4.390322580645161,2.1774193548387095
2005-4,13.900000000000002,0.5603333333333335,205.80000000000004,-2.8033333333333337,8.193333333333333,3.176666666666667
2005-5,58.1,0.5587096774193548,257.3,2.4322580645161294,16.283870967741937,2.5806451612903225
2005-6,51.900000000000006,0.6006666666666667,325.9000000000001,10.8,25.246666666666666,2.046666666666667
2005-7,133.4,0.73,233.0,15.064516129032258,26.032258064516128,1.706451612903226
2005-8,72.2,0.6541935483870968,326.2,11.038709677419355,25.519354838709678,2.032258064516129
2005-9,14.4,0.6080000000000001,213.7,4.776666666666667,19.970000000000002,1.9233333333333333
2005-10,2.4000000000000004,0.5174193548387096,238.5,-4.758064516129032,9.680645161290323,2.3870967741935485
2005-11,5.200000000000001,0.7186666666666668,154.0,-16.05,-5.596666666666667,1.5300000000000002
2005-12,8.1,0.7032258064516129,151.20000000000002,-30.235483870967744,-20.225806451612904,1.2225806451612902
2006-1,5.2,0.7012903225806453,153.9,-33.31935483870968,-22.748387096774195,1.0774193548387097
2006-2,3.9000000000000004,0.6842857142857143,200.9,-30.807142857142857,-17.625,1.4892857142857143
2006-3,16.7,0.6638709677419355,262.90000000000003,-19.503225806451614,-5.229032258064516,1.761290322580645
2006-4,17.3,0.5873333333333334,250.6,-5.756666666666666,5.623333333333334,2.62
2006-5,6.900000000000001,0.33,299.29999999999995,3.893548387096774,20.061290322580643,3.1967741935483875
2006-6,109.9,0.6676666666666667,247.2,10.423333333333334,22.383333333333333,1.8233333333333335
2006-7,64.7,0.6725806451612903,285.5,13.293548387096775,25.945161290322584,1.8580645161290323
2006-8,36.9,0.6025806451612903,307.79999999999995,11.361290322580645,26.019354838709678,2.0935483870967744
2006-9,29.200000000000003,0.541,265.79999999999995,3.2033333333333336,19.94,2.046666666666667
2006-10,0.0,0.46774193548387094,220.1,-5.535483870967742,8.580645161290322,2.2612903225806456
2006-11,18.7,0.7026666666666668,151.50000000000003,-21.03666666666667,-10.266666666666667,1.5800000000000003
2006-12,1.7000000000000002,0.6958064516129032,123.9,-30.512903225806454,-21.04516129032258,0.7419354838709677
2007-1,8.0,0.6845161290322581,150.2,-30.529032258064515,-20.203225806451616,0.8
2007-2,1.1,0.7021428571428572,174.8,-26.153571428571432,-12.867857142857144,1.1857142857142857
2007-3,11.7,0.6625806451612903,259.9,-19.8,-6.567741935483871,1.8806451612903228
2007-4,22.900000000000002,0.529,277.7,-4.8533333333333335,9.043333333333333,2.4166666666666665
2007-5,18.8,0.45645161290322583,252.5,4.512903225806451,19.009677419354837,2.745161290322581
2007-6,34.5,0.4706666666666667,286.9,11.49,26.896666666666665,2.5266666666666664
2007-7,34.2,0.5564516129032258,334.99999999999994,14.387096774193548,27.925806451612903,2.067741935483871
2007-8,57.300000000000004,0.5316129032258065,307.0,12.761290322580646,28.348387096774196,1.6548387096774195
2007-9,4.6,0.4846666666666667,288.09999999999997,5.12,21.593333333333337,2.2
2007-10,5.2,0.5406451612903226,210.30000000000007,-6.864516129032259,7.267741935483872,1.8322580645161293
2007-11,5.300000000000001,0.676,172.6,-18.38,-6.36,1.4933333333333334
2007-12,4.5,0.692258064516129,113.30000000000001,-27.122580645161293,-17.60645161290323,1.074193548387097
2008-1,2.4,0.6312903225806452,180.2,-34.696774193548386,-24.038709677419355,0.8580645161290323
2008-2,3.1,0.6679310344827587,208.5,-29.50689655172414,-15.641379310344828,1.0586206896551724
2008-3,8.7,0.6080645161290323,240.99999999999997,-12.003225806451614,1.9161290322580644,2.07741935483871
2008-4,12.7,0.44433333333333336,229.7,-3.796666666666667,11.063333333333333,2.216666666666667
2008-5,24.1,0.4667741935483871,249.49999999999997,3.2548387096774194,17.02258064516129,2.3870967741935485
2008-6,61.2,0.5546666666666666,240.89999999999998,13.360000000000001,26.47666666666667,2.4
2008-7,101.60000000000001,0.6890322580645161,276.59999999999997,15.345161290322581,26.91290322580645,1.6774193548387097
2008-8,76.3,0.5774193548387097,306.7000000000001,11.006451612903225,25.74516129032258,2.2419354838709675
2008-9,33.1,0.6206666666666667,221.8,3.8200000000000003,17.09333333333333,2.243333333333333
2008-10,26.7,0.6738709677419356,173.10000000000005,-2.796774193548387,7.516129032258065,2.0
2008-11,3.9000000000000004,0.7266666666666667,148.6,-19.009999999999998,-9.046666666666665,1.646666666666667
2008-12,6.500000000000001,0.6932258064516129,118.50000000000001,-28.612903225806452,-18.57741935483871,1.0290322580645161
2009-1,5.8999999999999995,0.6364516129032258,154.5,-32.1741935483871,-22.716129032258067,1.2129032258064516
2009-2,7.5,0.6728571428571428,203.8,-29.521428571428572,-17.45357142857143,1.1964285714285714
2009-3,3.3000000000000003,0.6751612903225807,275.90000000000003,-20.006451612903227,-6.793548387096774,1.7741935483870968
2009-4,1.2000000000000002,0.427,296.7,-2.3033333333333332,12.806666666666667,2.39
2009-5,2.4,0.30548387096774193,325.79999999999995,4.087096774193548,20.85483870967742,3.6064516129032262
2009-6,99.4,0.6276666666666667,247.30000000000004,9.593333333333334,21.790000000000003,2.3666666666666667
2009-7,80.80000000000001,0.7109677419354838,288.80000000000007,12.83548387096774,25.061290322580643,1.9064516129032258
2009-8,82.49999999999999,0.7048387096774194,242.70000000000005,12.351612903225806,23.519354838709678,2.167741935483871
2009-9,57.3,0.7103333333333334,197.9,3.826666666666667,15.82,2.1766666666666667
2009-10,22.0,0.6367741935483872,216.7,-5.732258064516129,6.529032258064516,1.8258064516129033
2009-11,6.9,0.6696666666666666,173.9,-20.023333333333333,-10.346666666666666,1.5100000000000002
2009-12,12.299999999999999,0.6703225806451614,122.80000000000001,-30.187096774193545,-20.761290322580646,1.2580645161290323
2010-1,2.8,0.6335483870967742,144.70000000000002,-32.97096774193548,-23.27741935483871,1.2419354838709677
2010-2,2.2,0.6539285714285714,199.50000000000003,-31.678571428571427,-19.575,1.4785714285714289
2010-3,4.300000000000001,0.6558064516129033,259.9,-22.770967741935483,-9.680645161290323,2.161290322580645
2010-4,21.6,0.587,289.7,-8.363333333333333,3.7800000000000002,2.5200000000000005
2010-5,37.300000000000004,0.47870967741935483,263.6,5.687096774193549,19.838709677419356,2.6903225806451614
2010-6,49.0,0.517,324.5,12.72,29.240000000000002,2.186666666666667
2010-7,93.3,0.6851612903225807,237.0,14.212903225806452,26.322580645161292,1.7161290322580647
2010-8,52.00000000000001,0.6961290322580646,229.1,11.125806451612902,23.02258064516129,1.9838709677419355
2010-9,20.700000000000003,0.5820000000000001,273.3,3.5300000000000002,19.833333333333332,1.8666666666666667
2010-10,6.5,0.6196774193548388,205.6,-6.37741935483871,6.835483870967742,2.02
2010-11,10.900000000000002,0.7533333333333334,156.90000000000003,-17.27,-6.073333333333334,1.2566666666666668
2010-12,11.1,0.7422580645161291,106.19999999999997,-29.89032258064516,-20.796774193548387,1.4161290322580646
2011-1,4.300000000000001,0.6890322580645161,170.7,-35.21612903225807,-25.883870967741935,0.6000000000000001
2011-2,4.500000000000001,0.7217857142857144,222.20000000000002,-28.032142857142855,-15.242857142857144,1.3392857142857142
2011-3,3.7,0.7067741935483871,279.5,-18.893548387096775,-5.390322580645161,1.941935483870968
2011-4,2.8000000000000003,0.4583333333333333,283.00000000000006,-3.886666666666667,10.596666666666666,2.4533333333333336
2011-5,34.800000000000004,0.4990322580645162,258.5999999999999,3.264516129032258,17.42258064516129,2.383870967741936
2011-6,20.3,0.5033333333333333,343.7000000000001,11.17,26.723333333333336,2.006666666666667
2011-7,151.3,0.7309677419354839,244.79999999999998,15.996774193548388,26.98709677419355,2.0064516129032257
2011-8,35.300000000000004,0.6783870967741936,338.79999999999995,12.812903225806451,26.19677419354839,1.7645161290322582
2011-9,17.4,0.5516666666666666,250.3,1.59,17.093333333333337,2.26
2011-10,6.4,0.5703225806451613,259.2,-4.812903225806451,11.303225806451614,1.8322580645161293
2011-11,10.900000000000002,0.7653333333333333,162.39999999999998,-19.816666666666666,-10.07,1.4466666666666665
2011-12,1.7000000000000004,0.7148387096774194,144.0,-32.79677419354839,-23.729032258064517,0.8
2012-1,7.5,0.6648387096774193,156.4,-37.483870967741936,-28.34193548387097,0.6129032258064516
2012-2,2.5,0.6975862068965517,225.4,-33.337931034482764,-19.54137931034483,1.2310344827586208
2012-3,3.5999999999999996,0.6990322580645162,274.90000000000003,-21.39677419354839,-7.132258064516129,1.7129032258064516
2012-4,1.3,0.45899999999999996,250.2,-4.55,9.639999999999999,2.996666666666667
2012-5,28.200000000000003,0.44161290322580643,288.4,4.65483870967742,20.009677419354837,2.893548387096774
2012-6,102.2,0.6496666666666667,247.6,12.203333333333335,24.34,2.2733333333333334
2012-7,59.6,0.6945161290322581,280.1,15.254838709677419,27.838709677419356,1.9064516129032258
2012-8,62.6,0.6241935483870968,294.00000000000006,10.561290322580646,25.496774193548386,2.3580645161290326
2012-9,21.400000000000002,0.5903333333333334,234.40000000000003,4.8,19.31,1.7966666666666669
2012-10,10.8,0.6458064516129032,202.89999999999998,-5.358064516129033,6.345161290322581,1.9806451612903229
2012-11,13.099999999999998,0.7390000000000001,113.90000000000002,-19.27,-10.046666666666665,1.1766666666666667
2012-12,10.5,0.6903225806451614,108.89999999999999,-33.225806451612904,-24.461290322580645,0.9935483870967742
2013-1,8.6,0.6612903225806451,136.4,-35.74516129032258,-25.490322580645163,0.9387096774193548
2013-2,7.0,0.6732142857142858,214.2,-33.050000000000004,-20.842857142857145,1.1500000000000001
2013-3,4.4,0.675483870967742,286.09999999999997,-22.322580645161292,-9.258064516129032,2.032258064516129
2013-4,37.800000000000004,0.6093333333333334,262.6,-6.683333333333334,4.5600000000000005,2.4266666666666667
2013-5,89.6,0.5551612903225807,215.6,7.248387096774194,19.596774193548388,2.4870967741935486
2013-6,96.0,0.6863333333333334,202.9,10.813333333333334,22.686666666666667,1.6966666666666668
2013-7,244.4,0.75,241.0,13.745161290322581,24.73225806451613,1.5612903225806454
2013-8,154.79999999999998,0.7835483870967742,207.39999999999995,12.625806451612904,22.44193548387097,1.9193548387096775
2013-9,51.5,0.661,220.9,2.95,16.833333333333332,2.58
2013-10,7.4,0.6380645161290323,173.2,-4.558064516129033,7.696774193548387,2.0258064516129033
2013-11,5.300000000000001,0.7373333333333334,147.50000000000003,-14.680000000000001,-3.2800000000000002,1.8
2013-12,8.200000000000001,0.7554838709677419,126.99999999999999,-24.387096774193548,-14.922580645161291,1.1483870967741936
2014-1,3.8000000000000007,0.7061290322580646,149.20000000000002,-31.503225806451614,-20.54516129032258,1.2451612903225806
2014-2,5.1,0.6900000000000001,200.99999999999997,-30.946428571428573,-17.560714285714287,1.2964285714285713
2014-3,1.9000000000000001,0.6680645161290323,263.3,-17.503225806451614,-3.2870967741935484,1.7419354838709677
2014-4,4.700000000000001,0.40599999999999997,293.6,-1.9733333333333334,14.32,2.6133333333333337
2014-5,37.10000000000001,0.529032258064516,227.6,4.483870967741935,17.690322580645162,2.5419354838709682
2014-6,96.10000000000001,0.6863333333333334,219.2,12.413333333333332,24.836666666666666,2.31
2014-7,161.5,0.7616129032258064,178.2,12.90967741935484,24.751612903225805,1.9290322580645163
2014-8,76.50000000000001,0.7554838709677419,217.30000000000004,11.325806451612904,23.74516129032258,1.8709677419354838
2014-9,19.800000000000004,0.6336666666666667,223.3,3.756666666666667,18.303333333333335,2.25
2014-10,16.4,0.5506451612903226,226.0,-6.525806451612904,7.341935483870968,2.161290322580645
2014-11,5.6000000000000005,0.6703333333333333,172.3,-16.273333333333333,-4.723333333333333,1.9766666666666668
2014-12,3.5999999999999996,0.7025806451612904,117.0,-28.93548387096774,-20.067741935483873,1.3548387096774193
2015-1,0.8,0.7025806451612904,160.60000000000002,-30.106451612903225,-19.73225806451613,1.2451612903225806
2015-2,1.0,0.6900000000000001,189.0,-24.771428571428572,-12.032142857142857,1.5214285714285716
2015-3,3.2,0.5880645161290323,279.9,-16.52258064516129,-2.4322580645161294,2.232258064516129
2015-4,16.7,0.4686666666666667,219.00000000000003,-3.8800000000000003,9.343333333333334,3.216666666666667
2015-5,26.2,0.4383870967741935,248.5,3.9193548387096775,17.893548387096775,2.7548387096774194
2015-6,22.6,0.5776666666666668,250.60000000000002,10.129999999999999,24.266666666666666,2.3233333333333333
2015-7,58.5,0.6103225806451613,290.8,14.332258064516129,28.5741935483871,1.9580645161290324
2015-8,123.39999999999999,0.7948387096774193,204.0,14.709677419354838,25.212903225806453,1.835483870967742
2015-9,33.7,0.6626666666666666,229.40000000000003,5.0633333333333335,18.006666666666668,2.033333333333333
2015-10,9.8,0.5406451612903226,237.1,-4.890322580645161,9.012903225806452,2.5064516129032257
2015-11,1.8,0.703,158.79999999999998,-18.69333333333333,-7.316666666666666,1.59
2015-12,8.600000000000001,0.7419354838709677,117.30000000000001,-26.69677419354839,-18.203225806451613,1.3064516129032258
2016-1,1.8000000000000003,0.6967741935483871,172.00000000000003,-35.60322580645161,-25.835483870967742,1.106451612903226
2016-2,0.6,0.7203448275862069,226.10000000000002,-29.148275862068967,-16.220689655172414,1.4275862068965517
2016-3,3.7000000000000006,0.6348387096774194,248.00000000000003,-13.07741935483871,-0.5225806451612903,2.3129032258064517
2016-4,21.0,0.5156666666666667,253.4,-4.53,8.376666666666667,2.8100000000000005
2016-5,22.200000000000003,0.43032258064516127,259.59999999999997,4.425806451612904,19.61935483870968,2.7580645161290325
2016-6,78.8,0.575,265.7,9.96,23.540000000000003,2.35
2016-7,67.8,0.6003225806451613,269.7,15.493548387096775,28.906451612903226,2.396774193548387
2016-8,36.800000000000004,0.6283870967741936,252.10000000000002,11.4,25.148387096774194,2.193548387096774
2016-9,83.3,0.7420000000000001,144.2,7.46,18.34,1.9466666666666668
2016-10,6.8,0.5877419354838709,216.59999999999997,-8.661290322580646,2.883870967741936,2.212903225806452
2016-11,5.8,0.7170000000000001,165.0,-22.21333333333333,-12.383333333333333,1.4933333333333334
2016-12,7.6000000000000005,0.7358064516129031,145.9,-28.548387096774192,-19.16774193548387,1.2935483870967743
2017-1,1.5,0.687741935483871,191.7,-32.49677419354839,-22.629032258064516,1.3387096774193548
2017-2,5.000000000000001,0.6871428571428572,209.9,-26.978571428571428,-14.035714285714286,1.6142857142857143
2017-3,1.5000000000000002,0.6545161290322581,310.8,-16.345161290322583,-2.4000000000000004,1.8483870967741938
2017-4,7.5,0.4056666666666667,291.2,-2.48,11.596666666666668,3.293333333333334
2017-5,17.6,0.3851612903225806,305.70000000000005,4.729032258064516,19.66774193548387,3.374193548387097
2017-6,12.2,0.46699999999999997,304.4,10.023333333333333,27.006666666666668,2.3466666666666667
2017-7,47.60000000000001,0.5861290322580646,311.5,14.903225806451612,27.570967741935487,2.57741935483871
2017-8,140.4,0.727741935483871,177.30000000000004,13.290322580645162,23.416129032258063,2.2580645161290325
2017-9,23.600000000000005,0.6613333333333333,190.10000000000002,3.393333333333333,17.403333333333332,2.33
2017-10,21.8,0.597741935483871,211.5,-5.67741935483871,6.887096774193548,2.0161290322580645
2017-11,6.1000000000000005,0.6676666666666667,180.80000000000004,-19.94333333333333,-9.76,1.8633333333333335
2017-12,2.1,0.6925806451612904,161.4,-33.34838709677419,-23.980645161290322,1.203225806451613
2018-1,2.5,0.6848387096774193,177.1,-34.26774193548387,-24.50967741935484,1.1806451612903226
2018-2,1.5,0.6867857142857143,217.7,-32.3,-20.349999999999998,1.3071428571428572
2018-3,6.300000000000001,0.6396774193548388,272.59999999999997,-17.60967741935484,-3.341935483870968,1.9258064516129034
2018-4,2.2,0.37099999999999994,295.9,-2.8066666666666666,11.9,2.6
2018-5,42.2,0.43645161290322576,291.7,4.616129032258065,21.919354838709676,2.774193548387097
2018-6,37.60000000000001,0.5806666666666668,231.30000000000004,11.370000000000001,25.009999999999998,2.5933333333333337
2018-7,104.4,0.7283870967741936,181.30000000000004,15.758064516129032,25.761290322580646,2.5548387096774197
2018-8,50.60000000000001,0.7135483870967743,262.7,12.587096774193547,24.887096774193548,1.7483870967741937
2018-9,45.39999999999999,0.632,182.79999999999998,4.543333333333334,17.173333333333336,2.61
2018-10,13.700000000000001,0.5906451612903225,203.9,-3.5387096774193547,9.687096774193549,2.070967741935484
2018-11,1.3,0.6486666666666667,185.1,-17.84,-5.8,1.86
2018-12,2.5,0.6870967741935484,159.60000000000005,-30.761290322580646,-19.948387096774194,1.6193548387096774
2019-1,0.6,68.38709677419355,180.7,-29.903225806451612,-18.322580645161292,1.2419354838709677
2019-2,0.0,62.892857142857146,219.9,-26.082142857142856,-10.992857142857144,1.6107142857142858
2019-3,0.8,45.41935483870968,294.19999999999993,-13.329032258064515,2.306451612903226,2.1451612903225805
2019-4,7.1,36.833333333333336,265.7,-5.096666666666667,10.493333333333334,2.8400000000000003
2019-5,26.799999999999997,41.354838709677416,235.60000000000002,4.409677419354838,18.46451612903226,3.07741935483871
2019-6,11.4,46.733333333333334,297.40000000000003,12.15,26.623333333333335,2.39
2019-7,102.99999999999999,65.61290322580645,190.89999999999998,14.829032258064515,26.480645161290322,2.1806451612903226
2019-8,149.70000000000002,1131.9354838709678,172.2,12.3,22.92258064516129,1058.8774193548386
2019-9,11.499999999999998,62.36666666666667,252.10000000000002,5.6466666666666665,20.736666666666668,2.43
2019-10,4.7,56.67741935483871,245.39999999999998,-5.074193548387097,7.838709677419355,2.3677419354838714
2019-11,6.8,65.2,211.49999999999997,-19.57,-8.693333333333333,1.9466666666666665
2019-12,4.300000000000001,70.38709677419355,194.30000000000004,-29.335483870967742,-20.87741935483871,1.1096774193548387
2020-1,4.2,71.54838709677419,209.9,-29.73225806451613,-20.151612903225807,0.9161290322580645
2020-2,6.0,70.89655172413794,252.39999999999995,-26.593103448275862,-14.700000000000001,1.289655172413793
2020-3,3.6,63.96774193548387,297.8,-15.451612903225806,-2.6903225806451614,2.2225806451612904
2020-4,3.8,34.54,284.8,-3.2133333333333334,13.093333333333334,366668.0766666667
2020-5,15.0,40.541935483870965,267.6,6.645161290322581,20.038709677419355,2.9645161290322584
2020-6,60.900000000000006,58.42999999999999,253.5,10.3,23.89333333333333,2.4466666666666668
2020-7,34.800000000000004,56.74193548387097,275.8,16.34516129032258,29.925806451612903,64518.389193548384
2020-8,157.9,77.93548387096774,137.7,13.2,22.151612903225807,1.9798064516129033
2020-9,36.2,62.91,175.1,6.92,17.77,2.0881333333333334
2020-10,16.3,65.3225806451613,177.99999999999997,-3.570967741935484,6.983870967741935,2.3196451612903224
2020-11,7.799999999999999,73.93,154.50000000000003,-17.676666666666666,-7.203333333333333,1.3400666666666665
2020-12,1.0,70.41290322580646,162.5,-29.37741935483871,-19.64516129032258,1.0756774193548388
2021-1,2.2,67.63870967741936,170.20000000000005,-32.76451612903226,-23.19677419354839,1.0772580645161292
2021-2,13.0,67.46785714285714,192.0,-28.335714285714285,-15.257142857142856,1.917857142857143
2021-3,5.500000000000001,64575.10322580645,223.79999999999998,-11.848387096774195,0.6967741935483871,64518.19677419355
2021-4,1000023.0,46.22666666666667,6000179.600000001,-2.4133333333333336,10.376666666666667,2.933333333333333
2021-5,1000070.2999999999,60.983870967741936,197.00000000000006,3.325806451612903,16.193548387096776,2.7516129032258063
2021-6,86.1,67.79333333333334,246.70000000000002,11.97,23.89,2.2133333333333334
2021-7,134.1,32331.73548387097,214.39999999999998,32273.664516129033,32283.483870967742,32260.022580645164
2021-8,50.199999999999996,74.94193548387096,187.30000000000004,12.46774193548387,23.419354838709676,2.064516129032258
2021-9,1000108.1,74.88666666666667,170.7,5.266666666666667,16.96333333333333,2.01
2021-10,35.699999999999996,32321.729032258067,221.70000000000005,32253.47419354839,32265.645161290322,32260.070967741933
2021-11,4.8,70.02,160.1,-14.246666666666666,-3.563333333333333,1.88
2021-12,8.4,72.38709677419355,1000155.9000000001,-27.154838709677417,-17.23548387096774,1.3483870967741935
2022-1,4999952.6,,1000152.2000000001,-30.06451612903226,-20.706451612903226,1.1
2022-2,4999950.600000001,72.34642857142858,213.6,-28.035714285714285,-15.339285714285714,1.4285714285714286
2022-3,1999985.1,63.91290322580645,1000250.4,-13.958064516129031,-1.603225806451613,2.4000000000000004
2022-4,1999992.5000000002,46.443333333333335,238.89999999999998,-4.22,9.573333333333332,2.9466666666666668
2022-5,3999968.2,43.89032258064516,257.7,3.390322580645161,18.561290322580643,2.5258064516129033
2022-6,5999970.8,64.79333333333334,246.29999999999995,11.766666666666667,25.003333333333334,2.1633333333333336
2022-7,6000069.199999999,73.51290322580645,233.90000000000003,16.258064516129032,27.225806451612904,2.106451612903226
2022-8,5999991.3,69.20645161290322,270.09999999999997,10.258064516129032,23.229032258064517,2.261290322580645
2022-9,6999942.399999999,56.61666666666667,232.4,5.183333333333334,20.023333333333333,2.3133333333333335
2022-10,2000009.4,58.7,1000204.2999999999,-5.583870967741936,7.419354838709677,2.0870967741935487
2022-11,3999974.0000000005,75.31333333333333,150.39999999999998,-18.653333333333332,-8.38,1.72
2022-12,2999974.6,69.94516129032259,149.79999999999998,-30.258064516129032,-21.393548387096775,1.3387096774193548
